City_ID,City,Lat,Lng,Max Temp,Humidity,Cloudiness,Wind Speed,Country,Date
0,bredasdorp,-34.5322,20.0403,23.48,69,55,4.7,ZA,1675493240
1,ornskoldsvik,63.2909,18.7153,-17.47,92,100,2.06,SE,1675493240
2,erenhot,43.6475,111.9767,-0.89,22,0,6.46,CN,1675493242
3,upernavik,72.7868,-56.1549,-25.73,99,100,2.27,GL,1675493243
4,beyneu,45.3167,55.2,2.39,74,96,5.44,KZ,1675493243
5,thompson,55.7435,-97.8558,-22.91,84,100,1.54,CA,1675493130
6,lumeje,-11.55,20.7833,19.08,91,100,1.7,AO,1675493244
7,khatanga,71.9667,102.5,-36.78,100,78,1.91,RU,1675493245
8,aswan,24.0934,32.907,11.61,50,0,3.6,EG,1675493246
9,taltal,-25.4,-70.4833,19.48,88,71,1.34,CL,1675492822
10,sehithwa,-20.4667,22.7167,24.17,73,100,2.75,BW,1675493246
11,busselton,-33.65,115.3333,32.24,28,5,4.41,AU,1675493247
12,komsomolskiy,40.4272,71.7189,11.4,58,72,4.12,UZ,1675493247
13,sao mateus do maranhao,-4.0417,-44.475,22.15,98,46,0.43,BR,1675493248
14,esperance,-33.8667,121.9,25.57,51,0,8.73,AU,1675493248
15,cape town,-33.9258,18.4232,25.06,64,0,1.54,ZA,1675493244
16,tavda,58.0425,65.2726,-8.67,76,50,2.61,RU,1675493249
17,ulladulla,-35.35,150.4667,23.37,39,0,5.99,AU,1675493249
18,rikitea,-23.1203,-134.9692,25.56,77,100,2.77,PF,1675493250
19,pisco,-13.7,-76.2167,21.03,94,100,1.03,PE,1675493250
20,butaritari,3.0707,172.7902,27.53,81,10,8.03,KI,1675493251
21,port elizabeth,-33.918,25.5701,26.72,75,20,7.2,ZA,1675493251
22,albany,42.6001,-73.9662,-22.98,50,5,1.79,US,1675493252
23,santa rosa,14.3122,121.1114,30.99,64,99,7.12,PH,1675493253
24,saint george,37.1041,-113.5841,8.33,53,0,3.6,US,1675493080
25,atuona,-9.8,-139.0333,26.14,71,1,8.98,PF,1675493109
26,akdagmadeni,39.6603,35.8836,-2.94,83,100,0.76,TR,1675493253
27,evensk,61.95,159.2333,-18.51,80,88,4.06,RU,1675493254
28,paignton,50.4357,-3.5679,8.69,82,100,0.45,GB,1675493254
29,punta arenas,-53.15,-70.9167,11.06,58,0,14.92,CL,1675493255
30,sao filipe,14.8961,-24.4956,21.22,70,100,6.92,CV,1675493255
31,batagay-alyta,67.8006,130.4114,-40.2,93,32,2.03,RU,1675493256
32,jamestown,42.097,-79.2353,-11.27,60,100,3.58,US,1675493071
33,east london,-33.0153,27.9116,25.52,69,20,4.63,ZA,1675493256
34,huanren,41.2647,125.3667,-2.72,41,1,0.53,CN,1675493257
35,hermanus,-34.4187,19.2345,24.89,65,0,2.53,ZA,1675493257
36,yar-sale,66.8333,70.8333,-14.93,99,100,3.0,RU,1675493257
37,port blair,11.6667,92.75,30.02,70,40,5.14,IN,1675493258
38,sabang,5.8933,95.3214,26.54,79,84,3.46,ID,1675493258
39,savyntsi,49.4026,37.0627,-1.57,91,100,2.16,UA,1675493258
40,hobart,-42.8794,147.3294,15.92,86,75,7.2,AU,1675493137
41,berlevag,70.8578,29.0864,-4.0,63,100,4.63,NO,1675493259
42,new norfolk,-42.7826,147.0587,15.72,64,100,0.45,AU,1675493259
43,tiksi,71.6872,128.8694,-33.65,100,100,0.93,RU,1675493260
44,jega,12.2175,4.3792,22.89,21,64,4.12,NG,1675493260
45,ballina,-28.8667,153.5667,28.21,77,95,4.56,AU,1675493260
46,victoria,22.2855,114.1577,19.98,82,99,4.02,HK,1675493119
47,belmonte,-15.8631,-38.8828,24.57,88,6,2.91,BR,1675493261
48,port alfred,-33.5906,26.891,23.43,84,26,2.24,ZA,1675493154
49,saskylakh,71.9167,114.0833,-43.97,100,65,0.95,RU,1675493262
50,narsaq,60.9167,-46.05,-14.88,87,15,3.82,GL,1675493263
51,hilo,19.7297,-155.09,22.85,88,75,2.06,US,1675493263
52,bellmead,31.594,-97.1089,4.87,100,100,2.06,US,1675493263
53,alofi,-19.0595,-169.9187,23.94,94,100,1.03,NU,1675493264
54,georgetown,5.4112,100.3354,31.96,70,20,4.12,MY,1675493264
55,dunedin,-45.8742,170.5036,21.27,71,0,6.2,NZ,1675493142
56,korla,41.7597,86.1469,0.04,47,100,1.53,CN,1675493264
57,havelock,34.8791,-76.9013,1.99,63,0,5.14,US,1675493265
58,luderitz,-26.6481,15.1594,19.23,70,25,5.28,NA,1675493265
59,vaini,-21.2,-175.2,27.09,89,75,5.14,TO,1675493265
60,nabire,-3.3667,135.4833,27.61,83,100,0.94,ID,1675493266
61,torbay,47.6666,-52.7314,-5.24,79,75,13.38,CA,1675493266
62,lodja,-3.4833,23.4333,21.64,94,100,1.09,CD,1675493266
63,sungaipenuh,-2.0833,101.3833,25.6,62,93,2.28,ID,1675493267
64,arraial do cabo,-22.9661,-42.0278,23.68,92,100,7.48,BR,1675493267
65,yellowknife,62.456,-114.3525,-24.69,70,100,3.09,CA,1675493268
66,adrar,20.5022,-10.0711,11.65,19,100,5.26,MR,1675493268
67,klyuchi,52.2667,79.1667,-13.39,90,74,1.44,RU,1675493268
68,coquimbo,-29.9533,-71.3436,17.85,82,100,1.03,CL,1675492736
69,laguna,38.421,-121.4238,10.52,91,20,1.54,US,1675493269
70,ushuaia,-54.8,-68.3,7.81,76,40,12.35,AR,1675493270
71,coihueco,-36.6167,-71.8333,17.62,60,0,0.72,CL,1675493270
72,castro,-24.7911,-50.0119,18.09,98,100,3.71,BR,1675493069
73,aklavik,68.2191,-135.0107,-37.48,99,90,0.59,CA,1675493271
74,mataura,-46.1927,168.8643,27.31,51,1,1.54,NZ,1675493271
75,presidencia roque saenz pena,-26.7852,-60.4388,19.83,65,25,2.6,AR,1675493272
76,katsuura,35.1333,140.3,11.08,67,13,5.11,JP,1675493272
77,faanui,-16.4833,-151.75,27.6,74,100,8.26,PF,1675493272
78,axim,4.8699,-2.2405,26.33,87,100,2.25,GH,1675493273
79,kloulklubed,7.0419,134.2556,29.28,78,83,7.82,PW,1675493273
80,bluff,-46.6,168.3333,19.27,80,28,3.39,NZ,1675493273
81,kodiak,57.79,-152.4072,-1.27,86,75,0.0,US,1675493234
82,puerto ayora,-0.7393,-90.3518,24.75,95,93,0.71,EC,1675493274
83,ust-nera,64.5667,143.2,-35.41,100,99,0.37,RU,1675493274
84,klaeng,12.7797,101.6483,35.21,66,33,4.13,TH,1675493274
85,henties bay,-22.116,14.2845,17.84,86,100,1.17,NA,1675493275
86,port lincoln,-34.7333,135.8667,19.26,59,61,5.83,AU,1675493275
87,severo-kurilsk,50.6789,156.125,-2.63,83,100,5.83,RU,1675493276
88,the valley,18.217,-63.0578,25.46,77,6,8.15,AI,1675493276
89,ixtapa,20.7,-105.2,21.79,85,97,0.56,MX,1675493277
90,touros,-5.1989,-35.4608,26.12,74,100,5.19,BR,1675493277
91,olafsvik,64.8945,-23.7142,0.04,66,91,18.94,IS,1675493278
92,mogadishu,2.0371,45.3438,26.93,69,75,8.23,SO,1675493278
93,bantry,51.6833,-9.45,9.88,84,100,4.63,IE,1675493278
94,cerkezkoy,41.285,28.0003,4.1,87,75,5.66,TR,1675493279
95,pasni,25.2631,63.471,22.34,62,0,2.76,PK,1675493279
96,hirara,24.8,125.2833,19.92,77,75,5.14,JP,1675493279
97,naze,28.3667,129.4833,15.51,66,100,6.34,JP,1675493280
98,avarua,-21.2078,-159.775,27.03,83,20,4.63,CK,1675493280
99,qaanaaq,77.484,-69.3632,-19.91,60,46,3.3,GL,1675493281
100,constitucion,-35.3333,-72.4167,14.78,94,8,2.75,CL,1675493281
101,fare,-16.7,-151.0167,27.24,75,100,9.47,PF,1675493281
102,nikolskoye,59.7035,30.7861,-2.9,94,100,3.31,RU,1675493282
103,ponta do sol,32.6667,-17.1,15.56,63,9,2.89,PT,1675493283
104,pangnirtung,66.1451,-65.7125,-34.61,92,100,0.55,CA,1675493283
105,beloha,-25.1667,45.05,30.46,47,95,4.36,MG,1675493284
106,barrow,71.2906,-156.7887,-26.99,76,100,4.63,US,1675493284
107,kapaa,22.0752,-159.319,23.99,93,100,8.75,US,1675493070
108,nanortalik,60.1432,-45.2371,-12.3,72,42,4.1,GL,1675493285
109,belaya gora,68.5333,146.4167,-25.46,99,100,1.94,RU,1675493285
110,los algarrobos,8.5,-82.4333,21.88,71,100,2.78,PA,1675493286
111,provideniya,64.3833,-173.3,-23.73,89,93,5.74,RU,1675493286
112,hasaki,35.7333,140.8333,10.12,77,72,2.89,JP,1675493287
113,vila,42.0304,-8.1588,0.49,69,0,1.82,PT,1675493288
114,usak,38.5,29.4167,-8.01,72,100,1.46,TR,1675493288
115,fortuna,40.5982,-124.1573,10.52,85,0,6.17,US,1675493223
116,coihaique,-45.5752,-72.0662,16.34,72,0,4.12,CL,1675493048
117,cesis,57.3119,25.2746,-4.04,91,100,3.93,LV,1675493289
118,natchez,31.5604,-91.4032,2.69,83,0,2.57,US,1675493289
119,limbang,4.75,115.0,30.06,60,100,2.2,MY,1675493290
120,den helder,52.9599,4.7593,6.66,93,100,1.54,NL,1675493290
121,zhuhai,22.2769,113.5678,21.03,82,40,2.57,CN,1675493291
122,ancud,-41.8697,-73.8203,13.98,79,0,0.95,CL,1675493292
123,melfi,40.9965,15.6514,8.05,91,97,3.3,IT,1675493292
124,faya,18.3851,42.4509,17.06,42,95,3.84,SA,1675493293
125,van,38.4924,43.3831,-7.36,53,75,3.09,TR,1675493293
126,kruisfontein,-34.0033,24.7314,25.49,62,23,5.3,ZA,1675493294
127,lazarev,52.225,141.5131,-22.87,96,14,2.4,RU,1675493295
128,cidreira,-30.1811,-50.2056,21.64,93,81,5.46,BR,1675493295
129,hornepayne,49.2138,-84.7705,-18.26,95,100,3.17,CA,1675493296
130,changji,44.0167,87.3167,-2.56,63,99,1.0,CN,1675493296
131,deniliquin,-35.5333,144.9667,25.39,27,27,6.08,AU,1675493297
132,zhigansk,66.7697,123.3711,-40.06,96,65,4.97,RU,1675493298
133,gamba,-2.65,10.0,26.73,83,100,2.68,GA,1675493298
134,kinel,53.2333,50.65,-9.42,95,100,3.11,RU,1675493299
135,lata,40.1629,-8.3327,3.78,66,0,1.91,PT,1675493300
136,bethel,41.3712,-73.414,-15.07,53,0,7.2,US,1675493301
137,sterling,39.0062,-77.4286,-8.0,50,0,4.12,US,1675493301
138,tasiilaq,65.6145,-37.6368,-1.91,94,100,6.76,GL,1675493302
139,tibacuy,4.3511,-72.4564,23.97,50,14,2.62,CO,1675493303
140,saint-philippe,-21.3585,55.7679,28.77,84,82,5.33,RE,1675493303
141,lokosovo,61.1333,74.8167,-12.65,93,22,2.4,RU,1675493304
142,kasangulu,-4.5911,15.1708,23.52,82,69,0.93,CD,1675493304
143,inta,66.0317,60.1659,-10.15,95,100,2.39,RU,1675493305
144,tessalit,20.1986,1.0114,10.72,26,82,4.71,ML,1675493306
145,olean,42.0776,-78.4297,-13.52,90,100,2.53,US,1675493155
146,veraval,20.9,70.3667,26.9,30,0,1.76,IN,1675493307
147,mahebourg,-20.4081,57.7,29.58,74,40,4.63,MU,1675493307
148,westerland,54.9079,8.3033,1.01,93,100,3.6,DE,1675493308
149,ossora,59.2353,163.0719,-15.65,94,100,2.19,RU,1675493308
150,kamaishi,39.2667,141.8833,1.88,82,100,2.47,JP,1675493308
151,tilichiki,60.4667,166.1,-23.03,96,19,3.8,RU,1675493309
152,puquio,-14.7,-74.1333,8.95,90,100,2.18,PE,1675493309
153,bilma,18.6853,12.9164,18.85,17,21,3.64,NE,1675493310
154,ewa beach,21.3156,-158.0072,25.97,77,0,3.09,US,1675493310
155,pevek,69.7008,170.3133,-34.86,99,32,1.22,RU,1675493311
156,petropavlovsk-kamchatskiy,53.0452,158.6483,-8.67,53,0,2.0,RU,1675493311
157,kailua,21.4022,-157.7394,25.99,87,75,2.57,US,1675493312
158,san felipe,10.3399,-68.7425,21.17,93,100,2.13,VE,1675493312
159,polis,35.0367,32.4264,9.6,96,37,6.02,CY,1675493312
160,quincy,42.2529,-71.0023,-21.04,39,20,10.29,US,1675493313
161,cayenne,4.9333,-52.3333,25.02,88,100,0.51,GF,1675493313
162,dikson,73.5069,80.5464,-24.15,100,99,0.92,RU,1675493313
163,hithadhoo,-0.6,73.0833,27.52,71,83,7.86,MV,1675493314
164,buraydah,26.326,43.975,12.25,37,0,5.51,SA,1675493314
165,iroquois falls,48.7669,-80.6831,-30.95,97,99,2.13,CA,1675493201
166,taoudenni,22.6783,-3.9836,11.98,35,100,4.94,ML,1675493315
167,college,64.8569,-147.8028,-12.83,84,100,0.0,US,1675493315
168,saint-augustin,51.226,-58.6502,-23.29,85,21,8.42,CA,1675493315
169,bud,39.447,-86.1758,-8.51,77,6,2.31,US,1675493316
170,jimenez,28.3333,-105.4,11.25,38,0,2.3,MX,1675493316
171,bulgan,48.8125,103.5347,-9.24,74,84,1.17,MN,1675493316
172,sioux lookout,50.1001,-91.917,-17.96,71,100,6.69,CA,1675493317
173,miri,4.4148,114.0089,29.08,74,40,2.57,MY,1675493317
174,husavik,66.0449,-17.3389,-0.28,59,0,8.01,IS,1675493317
175,norman wells,65.282,-126.8329,-30.98,76,100,1.54,CA,1675493318
176,ketchikan,55.3422,-131.6461,6.99,93,100,3.6,US,1675493318
177,minsk,53.9,27.5667,-6.14,96,96,2.75,BY,1675493280
178,lompoc,34.6391,-120.4579,10.32,95,0,3.09,US,1675493318
179,kamenka,51.3223,42.7678,-5.82,95,100,3.6,RU,1675493319
180,maningrida,-12.0667,134.2667,27.55,77,99,4.26,AU,1675493319
181,mitsamiouli,-11.3847,43.2844,27.3,76,100,2.41,KM,1675493320
182,paamiut,61.994,-49.6678,-17.1,96,59,4.87,GL,1675493320
183,souillac,-20.5167,57.5167,29.21,74,40,4.63,MU,1675493320
184,saint-pierre,-21.3393,55.4781,28.82,74,20,11.32,RE,1675493321
185,sayat,38.7839,63.8803,5.93,77,11,0.61,TM,1675493321
186,mtambile,-5.3833,39.7,27.9,70,96,3.58,TZ,1675493321
187,lavras,-21.2453,-44.9997,17.87,92,100,0.9,BR,1675493322
188,yafran,32.0633,12.5286,6.08,73,1,3.72,LY,1675493322
189,tuktoyaktuk,69.4541,-133.0374,-42.0,66,40,1.54,CA,1675493323
190,ostrovnoy,68.0531,39.5131,-9.52,93,97,4.31,RU,1675493323
191,christchurch,-43.5333,172.6333,27.11,50,0,6.17,NZ,1675493282
192,mar del plata,-38.0023,-57.5575,20.49,72,40,4.47,AR,1675493044
193,kosh-agach,50.0,88.6667,-11.66,86,90,0.92,RU,1675493323
194,ribeira grande,38.5167,-28.7,15.99,92,83,4.47,PT,1675493324
195,chumikan,54.7183,135.315,-19.96,83,80,7.14,RU,1675493324
196,dubbo,-32.25,148.6167,26.07,21,0,4.63,AU,1675493258
197,ostersund,63.1792,14.6357,-12.75,100,100,0.0,SE,1675493325
198,iqaluit,63.7506,-68.5145,-36.15,61,20,7.2,CA,1675493325
199,lebu,-37.6167,-73.65,15.26,80,0,2.32,CL,1675493297
200,pochutla,15.7432,-96.4661,23.23,60,19,1.57,MX,1675493325
201,gevrai,19.2667,75.75,28.2,12,61,1.81,IN,1675493326
202,lamu,-2.2717,40.902,27.12,70,19,3.91,KE,1675493326
203,tuatapere,-46.1333,167.6833,23.18,68,89,0.56,NZ,1675493327
204,nuuk,64.1835,-51.7216,-11.86,89,100,3.36,GL,1675493327
205,kieta,-6.2167,155.6333,27.41,83,58,1.19,PG,1675493327
206,san quintin,30.4833,-115.95,13.69,74,4,3.21,MX,1675493179
207,saint anthony,45.0205,-93.218,-14.82,69,0,5.14,US,1675493154
208,walldurn,49.5833,9.3667,3.69,81,100,2.0,DE,1675493328
209,mpika,-11.8343,31.4529,18.96,91,88,0.32,ZM,1675493328
210,clyde river,70.4692,-68.5914,-32.87,62,0,6.17,CA,1675493328
211,santiago,-33.4569,-70.6483,24.03,52,0,3.09,CL,1675493100
212,taylorville,39.5489,-89.2945,-7.3,67,0,4.12,US,1675493329
213,tshikapa,-6.4167,20.8,21.9,96,100,1.24,CD,1675493329
214,presidente olegario,-18.4178,-46.4181,19.68,75,100,0.21,BR,1675493330
215,chipinge,-20.1883,32.6236,24.67,63,96,1.23,ZW,1675493330
216,benjamin constant,-4.3831,-70.0311,23.07,98,100,0.19,BR,1675493330
217,sidi ali,36.0998,0.4206,7.53,87,6,1.38,DZ,1675493331
218,lincoln,40.8,-96.667,-1.36,73,0,2.24,US,1675493332
219,soskovo,52.7475,35.3828,-2.64,94,100,1.88,RU,1675493332
220,charlestown,-32.95,151.6667,28.95,27,0,1.81,AU,1675493333
221,leningradskiy,69.3833,178.4167,-30.62,98,100,1.9,RU,1675493333
222,williston,48.147,-103.618,0.17,85,100,0.45,US,1675493215
223,zhob,31.3411,69.4481,14.61,27,20,4.42,PK,1675493091
224,vestmannaeyjar,63.4427,-20.2734,2.85,51,100,15.89,IS,1675493333
225,sorland,67.667,12.6934,1.92,73,100,10.12,NO,1675493334
226,teteven,42.9167,24.2667,1.91,88,77,2.11,BG,1675493334
227,woodward,36.4337,-99.3904,6.57,67,0,7.2,US,1675493334
228,ndele,8.4109,20.6473,26.66,14,16,3.94,CF,1675493335
229,kathu,7.9178,98.3332,31.9,99,44,5.5,TH,1675493335
230,elat,29.5581,34.9482,10.91,82,3,0.0,IL,1675493335
231,iquique,-20.2208,-70.1431,23.02,80,73,0.53,CL,1675493336
232,longyearbyen,78.2186,15.6401,-14.09,66,0,2.57,SJ,1675493336
233,banyo,6.75,11.8167,22.86,24,94,1.07,CM,1675493337
234,bodden town,19.2833,-81.25,25.52,79,5,4.45,KY,1675493337
235,lorengau,-2.0226,147.2712,27.99,72,100,1.88,PG,1675493337
236,seagoville,32.6396,-96.5383,5.66,78,51,2.82,US,1675493337
237,suntar,62.1444,117.6319,-26.73,92,100,1.9,RU,1675493338
238,qaqortoq,60.7167,-46.0333,-21.23,79,19,3.38,GL,1675493338
239,yanam,16.7333,82.2167,30.78,38,6,2.75,IN,1675493338
240,cabo san lucas,22.8909,-109.9124,18.62,73,17,0.92,MX,1675493339
241,ulaanbaatar,47.9077,106.8832,-11.93,61,56,1.0,MN,1675493340
242,rocha,-34.4833,-54.3333,17.33,89,7,4.07,UY,1675493306
243,rock springs,41.5875,-109.2029,-6.31,80,0,0.0,US,1675493340
244,purpe,64.4803,76.6897,-11.53,91,79,4.32,RU,1675493340
245,acajutla,13.5928,-89.8275,26.69,54,6,4.7,SV,1675493341
246,barranca,-10.75,-77.7667,21.42,85,98,1.97,PE,1675493341
247,lavrentiya,65.5833,-171.0,-28.56,93,66,3.02,RU,1675493342
248,chokurdakh,70.6333,147.9167,-31.01,99,32,3.94,RU,1675493342
249,linares,-35.85,-71.6,16.48,72,0,0.53,CL,1675493343
250,pokrovskoye,47.4157,38.8971,0.37,94,33,3.46,RU,1675493343
251,gorontalo,0.5412,123.0595,27.57,78,100,1.44,ID,1675493343
252,nishihara,26.1842,127.7558,18.03,68,100,4.63,JP,1675493344
253,grand gaube,-20.0064,57.6608,29.65,70,45,2.24,MU,1675493344
254,fallon,39.4735,-118.7774,1.07,83,75,2.57,US,1675493335
255,hamilton,39.1834,-84.5333,-7.78,73,0,2.57,US,1675493345
256,le port,-20.9373,55.2919,29.98,78,24,1.22,RE,1675493345
257,antalaha,-14.9003,50.2788,30.46,57,4,3.39,MG,1675493345
258,ibipeba,-11.6408,-42.0111,19.03,92,65,2.47,BR,1675493346
259,wajima,37.4,136.9,5.38,87,75,2.06,JP,1675493346
260,mikhaylovka,50.06,43.2379,-2.94,91,100,4.43,RU,1675493346
261,ahipara,-35.1667,173.1667,20.81,86,100,3.16,NZ,1675493347
262,lazaro cardenas,17.9583,-102.2,21.95,81,0,2.05,MX,1675493347
263,palora,-1.7,-77.9333,19.09,78,72,1.36,EC,1675493347
264,cabuyaro,4.2817,-72.794,23.23,50,10,2.05,CO,1675493348
265,xining,36.6167,101.7667,3.06,24,100,0.96,CN,1675493348
266,brownsville,25.9018,-97.4975,12.17,88,100,3.6,US,1675493349
267,airai,-8.9266,125.4092,17.7,91,100,1.47,TL,1675493349
268,whitehorse,60.7161,-135.0538,-11.22,79,100,1.54,CA,1675493100
269,ilulissat,69.2167,-51.1,-14.99,85,100,10.29,GL,1675493350
270,abu samrah,35.3029,37.1841,5.03,92,100,4.58,SY,1675493350
271,calbuco,-41.768,-73.1273,15.56,87,0,6.61,CL,1675493351
272,nizwa,22.9333,57.5333,24.12,36,17,2.29,OM,1675493351
273,kavaratti,10.5669,72.642,27.68,62,1,2.6,IN,1675493351
274,kibaya,-5.3,36.5667,19.81,78,93,0.92,TZ,1675493352
275,thinadhoo,0.5333,72.9333,27.17,70,100,6.78,MV,1675493352
276,guerrero negro,27.9769,-114.0611,14.36,77,1,3.89,MX,1675493352
277,klaksvik,62.2266,-6.589,9.51,96,100,13.06,FO,1675493353
278,spas-klepiki,55.1347,40.1767,1.05,95,100,2.47,RU,1675493353
279,sao joao da barra,-21.6403,-41.0511,23.49,88,100,6.68,BR,1675493353
280,ardesen,41.1911,40.9875,8.73,43,100,2.31,TR,1675493354
281,kaitangata,-46.2817,169.8464,20.82,74,3,3.33,NZ,1675493354
282,eyl,7.9803,49.8164,26.6,53,66,9.14,SO,1675493354
283,mutis,6.2262,-77.4044,24.76,86,58,3.27,CO,1675493355
284,dawlatabad,36.4141,64.9053,13.51,37,9,1.5,AF,1675493355
285,solnechnyy,50.7214,136.6319,-19.03,97,100,1.7,RU,1675493356
286,westport,41.1415,-73.3579,-12.73,50,0,6.17,US,1675493356
287,sakaiminato,35.55,133.2333,7.96,81,75,3.09,JP,1675493357
288,te anau,-45.4167,167.7167,25.48,58,11,1.74,NZ,1675493357
289,temiscaming,46.7212,-79.0971,-31.25,83,34,2.57,CA,1675493357
290,kattivakkam,13.2167,80.3167,31.05,62,0,6.41,IN,1675493358
291,davila,18.4726,120.5763,29.99,66,55,8.49,PH,1675493358
292,sirawai,7.5854,122.1407,28.61,73,99,3.93,PH,1675493358
293,beringovskiy,63.05,179.3167,-25.98,97,100,6.17,RU,1675493359
294,porto novo,6.4965,2.6036,26.9,80,79,2.5,BJ,1675493359
295,chapleau,47.8405,-83.4034,-21.08,96,100,3.89,CA,1675493359
296,morondava,-20.2833,44.2833,28.36,74,0,0.52,MG,1675493360
297,valparaiso,-33.0393,-71.6273,14.8,88,0,1.03,CL,1675493171
298,arlit,18.7369,7.3853,19.75,17,11,2.12,NE,1675493360
299,codrington,-38.2667,141.9667,17.06,64,84,6.93,AU,1675493361
300,takaungu,-3.6837,39.8566,29.27,62,43,3.15,KE,1675493361
301,altamira,-3.2033,-52.2064,21.33,99,57,0.65,BR,1675493064
302,vangaindrano,-23.35,47.6,25.16,88,57,1.14,MG,1675493362
303,verkhovazhye,60.7472,42.0465,-9.02,97,98,1.25,RU,1675493362
304,hukuntsi,-24.0,21.75,25.19,59,100,4.25,BW,1675493362
305,nhulunbuy,-12.2333,136.7667,28.34,78,100,3.09,AU,1675493363
306,agadir,30.4202,-9.5982,8.25,40,0,3.78,MA,1675493363
307,ust-kulom,61.6864,53.6902,-8.79,96,91,1.86,RU,1675493364
308,vyartsilya,62.1764,30.693,-7.42,91,88,4.2,RU,1675493364
309,okahandja,-21.9833,16.9167,22.68,69,100,0.99,NA,1675493364
310,carnarvon,-24.8667,113.6333,29.79,59,4,6.52,AU,1675493365
311,kiunga,-6.1219,141.2906,26.73,95,100,1.87,PG,1675493365
312,prince rupert,54.3161,-130.3201,6.05,87,100,9.26,CA,1675493366
313,pontianak,-0.0333,109.3333,30.99,70,75,4.12,ID,1675493366
314,benguela,-12.5763,13.4055,25.78,76,89,1.47,AO,1675493366
315,ayagoz,47.9714,80.4392,0.22,100,100,2.62,KZ,1675493367
316,hede,33.7681,120.2517,8.11,42,84,4.58,CN,1675493367
317,panaba,21.2833,-88.2667,21.24,91,26,3.58,MX,1675493367
318,jinsha,32.0898,121.0735,8.27,44,1,4.43,CN,1675493368
319,pangkalanbuun,-2.6833,111.6167,31.4,57,98,1.89,ID,1675493368
320,markova,48.6758,24.4138,-1.44,89,100,2.05,UA,1675493368
321,turukhansk,65.8167,87.9833,-10.51,96,97,1.48,RU,1675493369
322,windhoek,-22.5594,17.0832,23.01,65,75,3.13,NA,1675493154
323,nago,26.5881,127.9761,18.47,70,100,4.78,JP,1675493369
324,turan,16.0678,108.2208,25.99,78,40,5.14,VN,1675493299
325,la romana,18.4273,-68.9728,22.07,88,47,2.89,DO,1675493370
326,mackay,-21.15,149.2,26.66,85,100,4.23,AU,1675493370
327,mercedes,-34.6515,-59.4307,17.1,91,0,2.15,AR,1675493371
328,cambridge,43.3601,-80.3127,-15.4,71,100,0.0,CA,1675493129
329,fort saint james,54.4333,-124.25,-3.75,99,100,0.81,CA,1675493371
330,mao,39.8885,4.2658,7.31,100,0,3.09,ES,1675493371
331,pozo colorado,-23.4923,-58.7972,23.56,57,100,1.92,PY,1675493372
332,chuy,-33.6971,-53.4616,18.48,90,11,4.65,UY,1675493372
333,wylie,33.0151,-96.5389,5.3,79,0,2.06,US,1675493373
334,sayyan,15.1718,44.3244,16.93,26,4,0.43,YE,1675493373
335,bubaque,11.2833,-15.8333,24.66,52,5,4.17,GW,1675493374
336,san pedro,14.35,121.0167,30.57,61,75,4.63,PH,1675493374
337,havoysund,70.9963,24.6622,-3.87,91,100,8.84,NO,1675493374
338,vila franca do campo,37.7167,-25.4333,15.23,89,100,3.05,PT,1675493375
339,ayan,56.45,138.1667,-21.29,90,36,2.04,RU,1675493375
340,saint-georges,12.0564,-61.7485,25.82,78,75,9.77,GD,1675493376
341,tura,25.5198,90.2201,26.28,29,2,2.42,IN,1675493376
342,marsaxlokk,35.8419,14.5431,9.34,87,20,3.6,MT,1675493376
343,naryan-mar,67.6713,53.087,-13.53,98,92,3.02,RU,1675493377
344,boksitogorsk,59.474,33.8485,-3.55,96,99,2.3,RU,1675493377
345,ponta delgada,37.7333,-25.6667,15.4,94,20,3.09,PT,1675493377
346,liverpool,53.4106,-2.9779,9.68,80,75,4.63,GB,1675493250
347,inuvik,68.3499,-133.7218,-34.52,71,40,1.54,CA,1675493160
348,half moon bay,37.4636,-122.4286,11.88,96,100,0.0,US,1675493228
349,bozeman,45.6796,-111.0386,4.68,48,75,4.63,US,1675493184
350,weyburn,49.6668,-103.8511,-6.88,86,92,3.09,CA,1675493129
351,yeppoon,-23.1333,150.7333,30.88,67,100,3.02,AU,1675493378
352,khandyga,62.6667,135.6,-34.73,97,35,0.9,RU,1675493378
353,makat,47.6469,53.3463,-1.64,93,100,6.63,KZ,1675493379
354,ihosy,-22.4,46.1167,24.01,73,56,3.49,MG,1675493379
355,clonakilty,51.6231,-8.8706,8.56,83,100,6.38,IE,1675493380
356,palmer,42.1584,-72.3287,-21.03,37,0,4.12,US,1675493380
357,moncao,42.0789,-8.4808,7.3,70,0,1.77,PT,1675493380
358,bengkulu,-3.8004,102.2655,29.11,67,100,5.06,ID,1675493359
359,luvianos,18.9167,-100.4,15.38,46,10,2.1,MX,1675493381
360,tighina,46.8306,29.4711,-1.57,77,100,2.95,MD,1675493382
361,muros,42.7762,-9.0603,8.22,69,0,2.61,ES,1675493382
362,pahalgam,34.0333,75.3333,3.57,80,6,2.09,IN,1675493382
363,san cristobal,7.7669,-72.225,16.31,68,67,1.07,VE,1675493383
364,mittagong,-34.45,150.45,23.33,38,1,5.62,AU,1675493383
365,iskateley,67.6803,53.1512,-13.55,98,94,3.01,RU,1675493383
366,jeremoabo,-10.075,-38.4808,20.51,90,4,2.68,BR,1675493384
367,bathsheba,13.2167,-59.5167,26.34,73,40,8.23,BB,1675493384
368,bambous virieux,-20.3428,57.7575,29.56,74,40,4.63,MU,1675493384
369,geraldton,-28.7667,114.6,33.23,35,82,6.17,AU,1675493384
370,rehoboth,-23.3167,17.0833,26.17,30,95,3.52,NA,1675493385
371,dubti,11.7361,41.0853,27.08,55,7,2.79,ET,1675493385
372,vallenar,-28.5708,-70.7581,19.18,70,0,1.74,CL,1675493355
373,abha,18.2164,42.5053,16.9,55,0,4.12,SA,1675493386
374,soligalich,59.0778,42.2864,-2.89,95,100,2.7,RU,1675493386
375,talnakh,69.4865,88.3972,-12.31,96,100,1.94,RU,1675493386
376,viedma,-40.8135,-62.9967,19.16,74,0,3.83,AR,1675493387
377,requena,39.4883,-1.1004,3.77,42,0,2.63,ES,1675493387
378,luena,-11.7833,19.9167,19.11,90,100,0.68,AO,1675493388
379,grindavik,63.8424,-22.4338,0.97,74,75,15.95,IS,1675493388
380,saldanha,-33.0117,17.9442,15.03,75,0,2.73,ZA,1675493388
381,barkot,30.8167,78.2,20.59,28,0,1.89,IN,1675493389
382,boa esperanca,-21.09,-45.5658,19.24,92,100,1.65,BR,1675493389
383,emerald,-23.5333,148.1667,32.41,41,38,4.83,AU,1675493389
384,nantucket,41.2835,-70.0995,-16.94,50,100,13.38,US,1675493156
385,sulejowek,52.2522,21.269,-0.62,95,100,6.56,PL,1675493390
386,chernukha,55.5974,43.7556,-3.75,96,99,3.03,RU,1675493390
387,hambantota,6.1241,81.1185,30.19,74,75,4.12,LK,1675493391
388,margate,51.3813,1.3862,8.72,80,88,1.34,GB,1675493391
389,port macquarie,-31.4333,152.9167,26.61,40,0,4.57,AU,1675493392
390,srednekolymsk,67.45,153.6833,-23.92,97,100,4.83,RU,1675493392
391,antofagasta,-23.65,-70.4,21.6,83,0,1.7,CL,1675493110
392,djibo,14.1022,-1.6306,18.07,15,5,5.11,BF,1675493392
393,nadvoitsy,63.8667,34.3167,-10.66,96,98,3.71,RU,1675493393
394,griffith,41.5284,-87.4237,-9.83,71,100,3.09,US,1675493393
395,jagdalpur,19.0667,82.0333,31.2,11,67,1.74,IN,1675493394
396,hovd,48.0056,91.6419,-11.12,72,94,1.9,MN,1675493394
397,northam,51.0333,-4.2167,8.12,89,100,3.68,GB,1675493394
398,kawalu,-7.3817,108.2082,29.69,62,100,1.08,ID,1675493395
399,zyryanka,65.75,150.85,-27.08,99,100,1.35,RU,1675493395
400,shanghai,31.2222,121.4581,12.18,44,0,3.0,CN,1675493259
401,dubai,25.2582,55.3047,22.16,60,40,4.63,AE,1675492701
402,cherskiy,68.75,161.3,-35.81,100,87,0.25,RU,1675493395
403,skjervoy,70.0311,20.9714,-8.0,77,100,11.91,NO,1675493396
404,barbastro,42.0356,0.1269,0.3,51,0,1.35,ES,1675493396
405,bandarbeyla,9.4942,50.8122,25.59,56,1,8.57,SO,1675493397
406,marsa matruh,31.3525,27.2453,14.11,67,75,4.63,EG,1675493397
407,ulsteinvik,62.3432,5.8487,3.37,54,100,1.79,NO,1675493397
408,sarkand,45.41,79.9186,3.15,91,100,3.08,KZ,1675493398
409,stephenville,32.2207,-98.2023,3.44,93,100,0.0,US,1675493399
410,poum,-20.2333,164.0167,28.35,76,99,5.36,NC,1675493399
411,waipawa,-41.4122,175.5153,21.69,73,0,2.39,NZ,1675493400
412,nome,64.5011,-165.4064,-15.47,85,100,3.6,US,1675493400
413,dolores,-36.3132,-57.6792,14.0,91,0,2.77,AR,1675493400
414,gushikawa,26.3544,127.8686,18.0,66,100,3.6,JP,1675493401
415,singaraja,-8.112,115.0882,27.49,83,100,3.15,ID,1675493401
416,roald,62.5833,6.1333,3.38,55,0,5.14,NO,1675493401
417,sangar,63.9242,127.4739,-24.74,96,100,0.98,RU,1675493402
418,kadoma,34.7333,135.5833,10.01,53,40,6.17,JP,1675493402
419,salima,-13.7804,34.4587,24.96,81,91,1.77,MW,1675493402
420,marana,32.4367,-111.2254,16.77,33,8,3.09,US,1675493403
421,denia,38.8408,0.1057,10.91,50,0,0.45,ES,1675493403
422,terney,45.0503,136.6092,-6.54,51,80,3.37,RU,1675493404
423,upington,-28.4478,21.2561,28.21,44,0,6.17,ZA,1675493404
424,lisakovsk,52.5369,62.4936,-15.2,90,27,2.07,KZ,1675493404
425,otradnoye,59.7775,30.8181,-2.81,94,100,3.41,RU,1675493405
426,itoman,26.1247,127.6694,18.43,68,75,4.63,JP,1675493405
427,chegdomyn,51.1167,133.0167,-20.98,89,92,0.28,RU,1675493406
428,kumluca,36.3703,30.2869,10.24,46,7,0.85,TR,1675493406
429,hoquiam,46.9809,-123.8893,9.99,92,100,6.69,US,1675493407
430,nemuro,43.3236,145.575,-4.86,62,99,2.52,JP,1675493407
431,hangu,39.2489,117.7892,9.02,27,0,2.95,CN,1675493408
432,sola,-13.8833,167.55,28.46,75,97,2.61,VU,1675493408
433,quelimane,-17.8786,36.8883,26.97,88,40,2.68,MZ,1675493409
434,thung song,8.1645,99.6804,29.61,64,58,5.2,TH,1675493409
435,waingapu,-9.6567,120.2641,25.05,88,100,3.41,ID,1675493409
436,broome,42.2506,-75.833,-18.63,75,100,4.63,US,1675493410
437,namibe,-15.1961,12.1522,22.75,74,80,2.4,AO,1675493410
438,sitka,57.0531,-135.33,0.94,86,20,0.0,US,1675493411
439,port hardy,50.6996,-127.4199,5.1,100,75,1.54,CA,1675493129
440,alugan,12.2188,125.4808,26.36,85,33,6.99,PH,1675493411
441,estrela,-28.0611,-50.9383,14.4,97,92,0.75,BR,1675493412
442,arman,59.7,150.1667,-21.66,86,56,3.37,RU,1675493412
443,meulaboh,4.1363,96.1285,25.34,83,100,0.97,ID,1675493413
444,deputatskiy,69.3,139.9,-31.23,98,100,2.02,RU,1675493413
445,kikwit,-5.041,18.8162,24.69,75,66,1.34,CD,1675493414
446,lewistown,40.5992,-77.5714,-10.45,61,0,4.12,US,1675493367
447,yulara,-25.2406,130.9889,29.08,20,0,4.91,AU,1675493414
448,sharjah,25.3573,55.4033,22.16,60,40,4.63,AE,1675493415
449,la plaine,15.3333,-61.25,23.92,82,49,6.75,DM,1675493415
450,gao,16.6362,1.637,17.96,14,85,5.28,ML,1675493415
451,wanning,18.8003,110.3967,23.7,82,99,3.79,CN,1675493416
452,bol,13.4586,14.7147,21.37,33,100,8.01,TD,1675493416
453,waynesville,35.4887,-82.9887,-3.75,82,0,2.68,US,1675493414
454,rawson,-43.3002,-65.1023,22.13,54,0,4.37,AR,1675493417
455,senno,59.5336,33.9167,-3.74,96,99,2.31,RU,1675493417
456,bilibino,68.0546,166.4372,-31.55,99,17,2.89,RU,1675493418
457,pauini,-7.7136,-66.9764,22.03,99,100,0.45,BR,1675493418
458,tual,-5.6667,132.75,28.19,77,100,7.65,ID,1675493419
459,vila velha,-20.3297,-40.2925,24.97,85,0,3.6,BR,1675493419
460,atikokan,48.7555,-91.6216,-18.29,80,98,4.91,CA,1675493419
461,mersing,2.4312,103.8405,27.95,83,40,5.66,MY,1675493420
462,isangel,-19.55,169.2667,28.38,86,100,6.52,VU,1675493420
463,harper,4.375,-7.7169,25.51,86,1,1.79,LR,1675493421
464,domoni,-12.2569,44.5319,29.28,71,100,1.25,KM,1675493421
465,buala,-8.145,159.5921,27.74,80,98,1.01,SB,1675493421
466,boa vista,2.8197,-60.6733,24.99,73,40,6.69,BR,1675493422
467,okhotsk,59.3833,143.3,-23.2,86,91,4.22,RU,1675493422
468,mahajanga,-15.7167,46.3167,30.01,74,20,2.57,MG,1675493422
469,xuddur,4.1213,43.8894,27.39,38,76,9.03,SO,1675493423
470,kovdor,67.5662,30.4758,-14.07,100,100,1.39,RU,1675493423
471,tezu,27.9167,96.1667,28.44,13,0,1.77,IN,1675493423
472,kutum,14.2,24.6667,16.46,20,86,2.6,SD,1675493424
473,havre-saint-pierre,50.2334,-63.5986,-21.0,64,100,12.86,CA,1675493424
474,peniche,39.3558,-9.3811,8.95,93,0,4.57,PT,1675493424
475,sena madureira,-9.0656,-68.6569,21.83,96,100,0.38,BR,1675493425
476,lamont,35.2597,-118.9143,13.93,42,6,1.14,US,1675493425
477,bakurianis andeziti,41.7337,43.4724,-4.21,40,100,2.33,GE,1675493426
478,dicabisagan,17.0818,122.4157,25.09,68,74,3.2,PH,1675493426
479,katobu,-4.9408,122.5276,24.74,90,100,3.02,ID,1675493426
480,prince george,53.9166,-122.753,0.9,91,0,2.57,CA,1675493427
481,florence,43.7667,11.25,9.09,90,75,1.03,IT,1675493159
482,kushmurun,52.4503,64.6311,-14.16,91,13,2.61,KZ,1675493427
483,moree,-29.4667,149.85,27.26,16,0,6.46,AU,1675493427
484,shahrud,36.4182,54.9763,3.68,56,100,2.48,IR,1675493272
485,norden,53.6,7.2,2.75,91,100,3.0,DE,1675493428
486,dinghai,26.2847,119.7936,9.51,89,100,6.93,CN,1675493428
487,pankrushikha,53.8319,80.3406,-10.06,89,12,2.53,RU,1675493429
488,falam,22.9167,93.6833,25.56,9,95,0.76,MM,1675493429
489,bambanglipuro,-7.95,110.2833,28.26,74,100,7.4,ID,1675493430
490,byron bay,-28.65,153.6167,28.17,74,97,3.34,AU,1675493430
491,aksu,41.1231,80.2644,-0.65,67,100,1.59,CN,1675493430
492,bonavista,48.6499,-53.1147,-10.2,68,5,15.26,CA,1675493431
493,atar,20.5169,-13.0499,14.72,12,100,4.34,MR,1675493431
494,kodinsk,58.6881,99.1844,-11.32,91,97,1.3,RU,1675493431
495,noumea,-22.2763,166.4572,30.99,70,100,6.42,NC,1675493381
496,puqi,29.7167,113.8833,11.54,55,100,1.84,CN,1675493432
497,san patricio,28.017,-97.5169,10.47,87,0,2.08,US,1675493432
498,taicheng,38.731,113.228,2.04,20,0,2.04,CN,1675493432
499,angoche,-16.2325,39.9086,29.06,69,7,0.82,MZ,1675493433
500,paine,-33.8167,-70.75,25.05,62,0,0.48,CL,1675493433
501,lac du bonnet,50.2536,-96.0612,-18.75,93,72,3.81,CA,1675493433
502,rusape,-18.5278,32.1284,23.86,59,87,1.83,ZW,1675493434
503,lumding,25.7535,93.1732,29.14,21,0,1.39,IN,1675493434
504,nadym,65.5333,72.5167,-14.14,95,30,3.65,RU,1675493434
505,yazoo city,32.8551,-90.4056,-1.72,72,0,2.4,US,1675493435
506,boone,39.0334,-92.3335,-1.93,44,3,0.45,US,1675493435
507,tarbert,55.8628,-5.4162,8.61,87,100,4.45,GB,1675493435
508,balykshi,47.0667,51.8667,-5.0,93,100,4.0,KZ,1675493436
509,alta floresta,-9.8756,-56.0861,20.49,99,99,0.54,BR,1675493436
510,samarai,-10.6167,150.6667,28.84,75,100,2.26,PG,1675493436
511,weligama,5.9667,80.4167,28.58,71,22,1.39,LK,1675493437
512,alice springs,-23.7,133.8833,26.75,28,0,5.66,AU,1675493437
513,am timan,11.0297,20.2827,25.48,14,98,5.02,TD,1675493437
514,cockburn town,21.4612,-71.1419,25.25,74,73,7.56,TC,1675493438
515,shalya,57.2471,58.7298,-7.07,82,100,0.73,RU,1675493438
516,makoshyne,51.46,32.3396,-4.54,94,89,3.22,UA,1675493438
517,port hawkesbury,45.6169,-61.3485,-21.23,79,100,10.8,CA,1675493439
518,sovetskiy,61.3614,63.5842,-10.16,95,100,2.12,RU,1675493439
519,miandrivazo,-19.5167,45.4667,29.47,64,93,0.48,MG,1675493439
520,gualeguaychu,-33.0094,-58.5172,16.93,86,0,2.81,AR,1675493440
521,gobabis,-22.45,18.9667,23.76,59,93,1.05,NA,1675493440
522,kiama,-34.6833,150.8667,27.43,36,0,6.26,AU,1675493440
523,hualmay,-11.0964,-77.6139,21.81,85,100,2.62,PE,1675493441
524,yumen,40.2833,97.2,1.78,27,92,6.39,CN,1675493441
525,zhangye,38.9342,100.4517,4.68,22,50,6.19,CN,1675493441
526,hit,33.6416,42.8251,11.78,46,33,5.3,IQ,1675493442
527,linhares,-19.3911,-40.0722,21.3,98,30,1.74,BR,1675493442
528,mount gambier,-37.8333,140.7667,17.75,58,45,4.29,AU,1675493443
529,gabu,12.2833,-14.2167,18.92,66,1,1.17,GW,1675493443
530,myrtle beach,33.6891,-78.8867,3.02,60,0,3.6,US,1675493443
531,elias,2.0117,-75.9397,15.29,77,13,1.59,CO,1675493444
532,sinnamary,5.3833,-52.95,24.07,89,91,4.72,GF,1675493444
533,tirau,-37.9833,175.75,21.42,91,70,2.19,NZ,1675493444
534,makakilo city,21.3469,-158.0858,25.18,77,0,3.09,US,1675493445
535,evanton,57.6638,-4.34,9.81,86,100,2.97,GB,1675493445
536,vostok,46.4856,135.8833,-14.12,91,100,2.94,RU,1675493445
537,mancio lima,-7.6142,-72.8958,21.02,98,99,0.75,BR,1675493446
538,kununurra,-15.7667,128.7333,34.99,41,100,2.57,AU,1675493189
539,rudnogorsk,57.2639,103.7519,-12.03,87,100,2.1,RU,1675493446
540,la ronge,55.1001,-105.2842,-10.86,85,100,1.54,CA,1675493446
541,lima,-12.0432,-77.0282,23.28,83,40,7.72,PE,1675493138
542,ushibuka,32.1906,130.0228,10.73,55,100,7.24,JP,1675493447
543,gat,31.61,34.7642,11.33,100,100,7.04,IL,1675493285
544,makhachkala,42.9764,47.5024,3.99,68,70,2.88,RU,1675493231
545,bluefield,37.2698,-81.2223,-8.45,74,0,1.54,US,1675493382
546,kulhudhuffushi,6.6221,73.07,26.54,71,98,0.21,MV,1675493447
547,anadyr,64.75,177.4833,-23.72,70,20,2.0,RU,1675493448
548,bay roberts,47.5999,-53.2648,-4.82,78,100,5.36,CA,1675493255
549,padang,-0.9492,100.3543,30.03,66,100,2.63,ID,1675493448
550,russkiy aktash,55.0384,52.1214,-7.98,83,100,2.27,RU,1675493449
551,devonport,-41.1667,146.35,15.9,65,79,7.22,AU,1675493449
552,miles city,46.4083,-105.8406,1.54,64,0,3.6,US,1675493449
553,avera,33.194,-82.5271,2.73,56,0,3.98,US,1675493450
554,santiago del estero,-27.7951,-64.2615,20.84,56,87,2.67,AR,1675493450
555,honiara,-9.4333,159.95,28.23,82,100,1.11,SB,1675493450
556,noyabrsk,63.1994,75.4507,-12.09,94,19,3.62,RU,1675493451
557,sept-iles,50.2001,-66.3821,-25.0,74,100,12.35,CA,1675493451
558,khani,41.9563,42.9566,-0.24,37,100,2.69,GE,1675493451
559,kropotkin,45.4375,40.5756,3.03,75,100,1.92,RU,1675493243
